<?xml version="1.0" encoding="UTF-8"?>
<project-private xmlns="http://www.netbeans.org/ns/project-private/1">
    <editor-bookmarks xmlns="http://www.netbeans.org/ns/editor-bookmarks/2" lastBookmarkId="0"/>
    <open-files xmlns="http://www.netbeans.org/ns/projectui-open-files/2">
        <group>
            <file>file:/C:/Users/Amisha%20kale/Desktop/SY%20(IV-SEM)/A-JAVA(IV)/E-commerce-shopping-portal-using-j2ee-technologies/5298_Amisha/signup.html</file>
            <file>file:/C:/Users/Amisha%20kale/Desktop/SY%20(IV-SEM)/A-JAVA(IV)/E-commerce-shopping-portal-using-j2ee-technologies/5298_Amisha/web/home.html</file>
            <file>file:/C:/Users/Amisha%20kale/Desktop/SY%20(IV-SEM)/A-JAVA(IV)/E-commerce-shopping-portal-using-j2ee-technologies/5298_Amisha/src/java/SignupServlet.java</file>
            <file>file:/C:/Users/Amisha%20kale/Desktop/SY%20(IV-SEM)/A-JAVA(IV)/E-commerce-shopping-portal-using-j2ee-technologies/5298_Amisha/web/Genres.html</file>
            <file>file:/C:/Users/Amisha%20kale/Desktop/SY%20(IV-SEM)/A-JAVA(IV)/E-commerce-shopping-portal-using-j2ee-technologies/5298_Amisha/src/java/DBConnection.java</file>
            <file>file:/C:/Users/Amisha%20kale/Desktop/SY%20(IV-SEM)/A-JAVA(IV)/E-commerce-shopping-portal-using-j2ee-technologies/5298_Amisha/web/signup.html</file>
            <file>file:/C:/Users/Amisha%20kale/Desktop/SY%20(IV-SEM)/A-JAVA(IV)/E-commerce-shopping-portal-using-j2ee-technologies/5298_Amisha/web/products.jsp</file>
            <file>file:/C:/Users/Amisha%20kale/Desktop/SY%20(IV-SEM)/A-JAVA(IV)/E-commerce-shopping-portal-using-j2ee-technologies/5298_Amisha/web/signup.jsp</file>
            <file>file:/C:/Users/Amisha%20kale/Desktop/SY%20(IV-SEM)/A-JAVA(IV)/E-commerce-shopping-portal-using-j2ee-technologies/5298_Amisha/web/index.html</file>
            <file>file:/C:/Users/Amisha%20kale/Desktop/SY%20(IV-SEM)/A-JAVA(IV)/E-commerce-shopping-portal-using-j2ee-technologies/5298_Amisha/src/java/LoginServlet.java</file>
            <file>file:/C:/Users/Amisha%20kale/Desktop/SY%20(IV-SEM)/A-JAVA(IV)/E-commerce-shopping-portal-using-j2ee-technologies/5298_Amisha/web/login.html</file>
        </group>
    </open-files>
</project-private>
